32798,2024-06-30
93090,2024-06-30
23457,2024-06-30
56144,2024-04-26
59388,2024-04-24
48293,2025-04-16
22095,2025-04-16
93212,2024-04-27
99800,2024-04-27
87015,2024-04-27
66610,2024-05-11
45136,2024-04-28
84386,2025-04-16
16493,2025-04-16
84711,2025-04-16
96394,2025-04-16
62010,2025-04-16
96344,2025-04-16
85772,2024-05-14
41562,2024-05-14
12176,2024-05-14
45466,2024-05-14
48653,2024-05-14
75589,2024-05-14
96244,2024-10-20
67883,2024-10-20
73605,2024-10-20
31071,2024-10-20
28525,2024-10-20
95134,2024-10-20
95683,2024-10-20
53229,2024-10-20
94216,2024-10-20
